Sample_ID,DNA_extraction_number,Sample,DPF,DateExtracted,DateSampled,FungicideSprayed,ActiveIngredient,Row,Column,BarcodePlate,Barcode_number,Barcode,Time,Tree,Fungicide,Bagged,Objective,Control,AfterSpray,Cultivar ,YearPlanted,TreeAge,Description,Rep,Cultivar,Number of leaves,Severity (Number of lesions total),Incidence (Number of leaves with lesions),Notes,PercentInc,AveLesionsPerLeaf
B1AST1,4,B1_AS_T1,0-dpf,16-Dec-21,28-Apr-21,None,None,A,4,6,505,TTATGTACGG,T1,B1AST1,na,Bagged,2,Sample,After Spray,na,na,na,bagged; control to see if bagging alters microbiome; sample taken from across street; sampled after bagging on April 29th,,,,,,,,
B1BST1,10,B1_BS_T1,0-dpf,16-Dec-21,28-Apr-21,None,None,A,10,6,553,CTTCGACTTT,T1,B1BST1,na,Bagged,2,Sample,Before Spray,na,na,na,bagged; control to see if bagging alters microbiome; sample taken from across street; sampled after bagging on April 28th,,,,,,,,
B2AST1,5,B2_AS_T1,0-dpf,16-Dec-21,28-Apr-21,None,None,A,5,6,513,GTCATGCTCC,T1,B2AST1,na,Bagged,2,Sample,After Spray,na,na,na,bagged; control to see if bagging alters microbiome; sample taken from across street; sampled after bagging on April 29th,,,,,,,,
B2BST1,11,B2_BS_T1,0-dpf,16-Dec-21,28-Apr-21,None,None,A,11,6,561,TTGACCGCGG,T1,B2BST1,na,Bagged,2,Sample,Before Spray,na,na,na,bagged; control to see if bagging alters microbiome; sample taken from across street; sampled after bagging on April 28th,,,,,,,,
B3AST1,6,B3_AS_T1,0-dpf,16-Dec-21,28-Apr-21,None,None,A,6,6,521,TGAACGTTGG,T1,B3AST1,na,Bagged,2,Sample,After Spray,na,na,na,bagged; control to see if bagging alters microbiome; sample taken from across street; sampled after bagging on April 29th,,,,,,,,
B3BST1,12,B3_BS_T1,0-dpf,16-Dec-21,28-Apr-21,None,None,A,12,6,569,GGTTTCTATC,T1,B3BST1,na,Bagged,2,Sample,Before Spray,na,na,na,bagged; control to see if bagging alters microbiome; sample taken from across street; sampled after bagging on April 28th,,,,,,,,
C112CT1,24,112CC,0-dpf,16-Dec-21,28-Apr-21,None,None,B,12,6,570,TGGTTATGGC,T1,112C,Control,na,1,Sample,na,Desirable,1990,32,,1,Desirable,11,0,0,,0,0
C119CT1,25,119CC,0-dpf,16-Dec-21,28-Apr-21,None,None,C,1,6,483,CTTGTCTGGA,T1,119C,Control,na,1,Sample,na,Elliot,1999,23,,1,Elliot,11,0,0,,0,0
C120FT1,20,120FC,0-dpf,16-Dec-21,28-Apr-21,None,None,B,8,6,538,TGACCGGCTG,T1,120F,Control,na,1,Sample,na,Desirable,2000,22,,5,Desirable,11,0,0,,0,0
C120GT1,29,120GC,0-dpf,16-Dec-21,28-Apr-21,None,None,C,5,6,515,CCTAGTAAGC,T1,120G,Control,na,1,Sample,na,Elliot,1999,23,,5,Elliot,11,0,0,,0,0
C122DT1,27,122DC,0-dpf,16-Dec-21,28-Apr-21,None,None,C,3,6,499,GGAATTATCG,T1,122D,Control,na,1,Sample,na,Elliot,1999,23,,3,Elliot,9,0,0,,0,0
C123HT1,19,123HC,0-dpf,16-Dec-21,28-Apr-21,None,None,B,7,6,530,CGAATACTGA,T1,123H,Control,na,1,Sample,na,Desirable,2000,22,,6,Desirable,9,0,0,,0,0
C125HT1,30,125HC,0-dpf,16-Dec-21,28-Apr-21,None,None,C,6,6,523,ATTGCAAGCA,T1,125H,Control,na,1,Sample,na,Elliot,1990,32,,6,Elliot,9,0,0,,0,0
C126ET1,21,126EC,0-dpf,16-Dec-21,28-Apr-21,None,None,B,9,6,546,GATATACCAG,T1,126E,Control,na,1,Sample,na,Desirable,2001,21,,4,Desirable,11,0,0,,0,0
C126FT1,28,126FC,0-dpf,16-Dec-21,28-Apr-21,None,None,C,4,6,507,GCGTAGAGAG,T1,126F,Control,na,1,Sample,na,Elliot,2000,22,,4,Elliot,9,0,0,,0,0
C129DT1,22,129DC,0-dpf,16-Dec-21,28-Apr-21,None,None,B,10,6,554,GTCCGCAAGT,T1,129D,Control,na,1,Sample,na,Desirable,2008,14,,3,Desirable,11,2,2,,18.18181818,0.181818182
C130BT1,23,130BC,0-dpf,16-Dec-21,28-Apr-21,None,None,B,11,6,562,TACGTGATCC,T1,130B,Control,na,1,Sample,na,Desirable,1999,23,,2,Desirable,11,3,3,,27.27272727,0.272727273
C132BT1,26,132BC,0-dpf,16-Dec-21,28-Apr-21,None,None,C,2,6,491,TCAAGGGACC,T1,132B,Control,na,1,Sample,na,Elliot,2000,22,,2,Elliot,9,0,0,,0,0
F112CT1,18,112CF,0-dpf,16-Dec-21,28-Apr-21,None,None,B,6,6,522,AGTGTGAACG,T1,112C,Fungicide,na,1,Sample,na,Desirable,1990,32,,1,Desirable,11,0,0,,0,0
F119CT1,31,119CF,0-dpf,16-Dec-21,28-Apr-21,None,None,C,7,6,531,TATCCTGGTT,T1,119C,Fungicide,na,1,Sample,na,Elliot,1999,23,,1,Elliot,9,0,0,,0,0
F120FT1,14,120FF,0-dpf,16-Dec-21,28-Apr-21,None,None,B,2,6,490,ACTGGATCTC,T1,120F,Fungicide,na,1,Sample,na,Desirable,2000,22,,5,Desirable,11,0,0,,0,0
F120GT1,35,120GF,0-dpf,16-Dec-21,28-Apr-21,None,None,C,11,6,563,TGGGTAGATC,T1,120G,Fungicide,na,1,Sample,na,Elliot,1999,23,,5,Elliot,9,0,0,,0,0
F122DT1,33,122DF,0-dpf,16-Dec-21,28-Apr-21,None,None,C,9,6,547,GTAGACATGT,T1,122D,Fungicide,na,1,Sample,na,Elliot,1999,23,,3,Elliot,9,1,1,,11.11111111,0.111111111
F123HT1,13,123HF,0-dpf,16-Dec-21,28-Apr-21,None,None,B,1,6,482,AGTTGTAGTC,T1,123H,Fungicide,na,1,Sample,na,Desirable,2000,22,Desirable; Rep 6; Fungicide Sprayed,6,Desirable,9,0,0,,0,0
F125HT1,36,125HF,0-dpf,16-Dec-21,28-Apr-21,None,None,C,12,6,571,TCGGTTACGC,T1,125H,Fungicide,na,1,Sample,na,Elliot,1990,32,,6,Elliot,9,0,0,,0,0
F126ET1,15,126EF,0-dpf,16-Dec-21,28-Apr-21,None,None,B,3,6,498,CCATGAAGTG,T1,126E,Fungicide,na,1,Sample,na,Desirable,2001,21,,4,Desirable,13,2,3,,23.07692308,0.153846154
F126FT1,34,126FF,0-dpf,16-Dec-21,28-Apr-21,None,None,C,10,6,555,ATCCGTCTGA,T1,126F,Fungicide,na,1,Sample,na,Elliot,2000,22,,4,Elliot,11,0,0,,0,0
F129DT1,16,129DF,0-dpf,16-Dec-21,28-Apr-21,None,None,B,4,6,506,TCGGGCTCTT,T1,129D,Fungicide,na,1,Sample,na,Desirable,2008,14,,3,Desirable,11,1,1,,9.090909091,0.090909091
F130BT1,17,130BF,0-dpf,16-Dec-21,28-Apr-21,None,None,B,5,6,514,ATCGGGCTTA,T1,130B,Fungicide,na,1,Sample,na,Desirable,1999,23,,2,Desirable,11,2,2,,18.18181818,0.181818182
F132BT1,32,132BF,0-dpf,16-Dec-21,28-Apr-21,None,None,C,8,6,539,CAGCGACTGT,T1,132B,Fungicide,na,1,Sample,na,Elliot,2000,22,,2,Elliot,9,0,0,,0,0
NB1AST1,1,NB1_AS_T1,0-dpf,16-Dec-21,28-Apr-21,None,None,A,1,6,481,TCCGTGGTAT,T1,NB1AST1,na,Not Bagged,2,Sample,After Spray,na,na,na,Not bagged; control to see if bagging alters microbiome; sample taken from across street; sampled after bagging on April 29th,,,,,,,,
NB1BST1,7,NB1_BS_T1,0-dpf,16-Dec-21,28-Apr-21,None,None,A,7,6,529,GATGACCCAA,T1,NB1BST1,na,Not Bagged,2,Sample,Before Spray,na,na,na,Not bagged; control to see if bagging alters microbiome; sample taken from across street; sampled before bagging on April 28th,,,,,,,,
NB2AST1,2,NB2_AS_T1,0-dpf,16-Dec-21,28-Apr-21,None,None,A,2,6,489,ACCTACTTGT,T1,NB2AST1,na,Not Bagged,2,Sample,After Spray,na,na,na,Not bagged; control to see if bagging alters microbiome; sample taken from across street; sampled after bagging on April 29th,,,,,,,,
NB2BST1,8,NB2_BS_T1,0-dpf,16-Dec-21,28-Apr-21,None,None,A,8,6,537,GATCGGTTAA,T1,NB2BST1,na,Not Bagged,2,Sample,Before Spray,na,na,na,Not bagged; control to see if bagging alters microbiome; sample taken from across street; sampled before bagging on April 28th,,,,,,,,
NB3AST1,3,NB3_AS_T1,0-dpf,16-Dec-21,28-Apr-21,None,None,A,3,6,497,TCGTCAAACC,T1,NB3AST1,na,Not Bagged,2,Sample,After Spray,na,na,na,Not bagged; control to see if bagging alters microbiome; sample taken from across street; sampled after bagging on April 29th,,,,,,,,
NB3BST1,9,NB3_BS_T1,0-dpf,16-Dec-21,28-Apr-21,None,None,A,9,6,545,GCCCAAGTTC,T1,NB3BST1,na,Not Bagged,2,Sample,Before Spray,na,na,na,Not bagged; control to see if bagging alters microbiome; sample taken from across street; sampled before bagging on April 28th,,,,,,,,
NECT1,37,NEC,0-dpf,16-Dec-21,28-Apr-21,None,None,D,1,6,484,TCTACGGCAC,T1,NECT1,na,na,na,Negative Control,na,na,na,na,Negative Extraction Control,,,,,,,,
C112CT2,56,112CC,9-dpf,17-Dec-21,7-May-21,STRATEGO on April 28th - 9dpf,Propiconazole + Trifloxystrobin,E,8,6,541,GAACACTTTG,T2,112C,Control,na,1,Sample,na,Desirable,1990,32,,1,Desirable,9,0,0,,0,0
C119CT2,58,119CC,9-dpf,17-Dec-21,7-May-21,STRATEGO on April 28th - 9dpf,Propiconazole + Trifloxystrobin,E,10,6,557,CCTCTGAGAG,T2,119C,Control,na,1,Sample,na,Elliot,1999,23,,1,Elliot,11,0,0,Evidence of Leaf Scorching,0,0
C120FT2,41,120FC,9-dpf,17-Dec-21,7-May-21,STRATEGO on April 28th - 9dpf,Propiconazole + Trifloxystrobin,D,5,6,516,TTACCGACGA,T2,120F,Control,na,1,Sample,na,Desirable,2000,22,,5,Desirable,13,1,1,,7.692307692,0.076923077
C120GT2,47,120GC,9-dpf,17-Dec-21,7-May-21,STRATEGO on April 28th - 9dpf,Propiconazole + Trifloxystrobin,D,11,6,564,AGCAATCGGT,T2,120G,Control,na,1,Sample,na,Elliot,1999,23,,5,Elliot,9,0,0,Evidence of Leaf Scorching,0,0
C122DT2,45,122DC,9-dpf,17-Dec-21,7-May-21,STRATEGO on April 28th - 9dpf,Propiconazole + Trifloxystrobin,D,9,6,548,TACAGTTACG,T2,122D,Control,na,1,Sample,na,Elliot,1999,23,,3,Elliot,9,1,1,,11.11111111,0.111111111
C123HT2,38,123HC,9-dpf,17-Dec-21,7-May-21,STRATEGO on April 28th - 9dpf,Propiconazole + Trifloxystrobin,D,2,6,492,TGCAGTCCTC,T2,123H,Control,na,1,Sample,na,Desirable,2000,22,,6,Desirable,11,0,0,Evidence of Leaf Scorching,0,0
C125HT2,43,125HC,9-dpf,17-Dec-21,7-May-21,STRATEGO on April 28th - 9dpf,Propiconazole + Trifloxystrobin,D,7,6,532,ACCGGAGTAG,T2,125H,Control,na,1,Sample,na,Elliot,1990,32,,6,Elliot,11,0,0,Evidence of Leaf Scorching,0,0
C126ET2,55,126EC,9-dpf,17-Dec-21,7-May-21,STRATEGO on April 28th - 9dpf,Propiconazole + Trifloxystrobin,E,7,6,533,TAAGCTAAAC,T2,126E,Control,na,1,Sample,na,Desirable,2001,21,,4,Desirable,11,6,4,,36.36363636,0.545454545
C126FT2,49,126FC,9-dpf,17-Dec-21,7-May-21,STRATEGO on April 28th - 9dpf,Propiconazole + Trifloxystrobin,E,1,6,485,CACGAGCTAC,T2,126F,Control,na,1,Sample,na,Elliot,2000,22,,4,Elliot,9,0,0,,0,0
C129DT2,53,129DC,9-dpf,17-Dec-21,7-May-21,STRATEGO on April 28th - 9dpf,Propiconazole + Trifloxystrobin,E,5,6,517,TTACCTTACA,T2,129D,Control,na,1,Sample,na,Desirable,2008,14,,3,Desirable,11,6,2,Evidence of Leaf Scorching,18.18181818,0.545454545
C130BT2,61,130BC,9-dpf,17-Dec-21,7-May-21,STRATEGO on April 28th - 9dpf,Propiconazole + Trifloxystrobin,F,1,6,486,ACCGCATCAA,T2,130B,Control,na,1,Sample,na,Desirable,1999,23,,2,Desirable,11,3,2,Evidence of Leaf Scorching,18.18181818,0.272727273
C132BT2,50,132BC,9-dpf,17-Dec-21,7-May-21,STRATEGO on April 28th - 9dpf,Propiconazole + Trifloxystrobin,E,2,6,493,AAGTCGACAC,T2,132B,Control,na,1,Sample,na,Elliot,2000,22,,2,Elliot,9,0,0,,0,0
F112CT2,57,112CF,9-dpf,17-Dec-21,7-May-21,STRATEGO on April 28th - 9dpf,Propiconazole + Trifloxystrobin,E,9,6,549,ATCCCAGCAT,T2,112C,Fungicide,na,1,Sample,na,Desirable,1990,32,,1,Desirable,9,1,1,,11.11111111,0.111111111
F119CT2,59,119CF,9-dpf,17-Dec-21,7-May-21,STRATEGO on April 28th - 9dpf,Propiconazole + Trifloxystrobin,E,11,6,565,GTTGGACGAA,T2,119C,Fungicide,na,1,Sample,na,Elliot,1999,23,,1,Elliot,8,0,0,,0,0
F120FT2,40,120FF,9-dpf,17-Dec-21,7-May-21,STRATEGO on April 28th - 9dpf,Propiconazole + Trifloxystrobin,D,4,6,508,AACCAGCAGA,T2,120F,Fungicide,na,1,Sample,na,Desirable,2000,22,,5,Desirable,11,5,3,,27.27272727,0.454545455
F120GT2,46,120GF,9-dpf,17-Dec-21,7-May-21,STRATEGO on April 28th - 9dpf,Propiconazole + Trifloxystrobin,D,10,6,556,CGTAGAGCTC,T2,120G,Fungicide,na,1,Sample,na,Elliot,1999,23,,5,Elliot,9,0,0,,0,0
F122DT2,44,122DF,9-dpf,17-Dec-21,7-May-21,STRATEGO on April 28th - 9dpf,Propiconazole + Trifloxystrobin,D,8,6,540,AGCGACGAAG,T2,122D,Fungicide,na,1,Sample,na,Elliot,1999,23,,3,Elliot,8,0,0,,0,0
F123HT2,39,123HF,9-dpf,17-Dec-21,7-May-21,STRATEGO on April 28th - 9dpf,Propiconazole + Trifloxystrobin,D,3,6,500,TAGACACCGT,T2,123H,Fungicide,na,1,Sample,na,Desirable,2000,22,,6,Desirable,9,1,1,,11.11111111,0.111111111
F125HT2,42,125HF,9-dpf,17-Dec-21,7-May-21,STRATEGO on April 28th - 9dpf,Propiconazole + Trifloxystrobin,D,6,6,524,ATCACCAGGT,T2,125H,Fungicide,na,1,Sample,na,Elliot,1990,32,,6,Elliot,9,0,0,,0,0
F126ET2,54,126EF,9-dpf,17-Dec-21,7-May-21,STRATEGO on April 28th - 9dpf,Propiconazole + Trifloxystrobin,E,6,6,525,TTGATCCGGT,T2,126E,Fungicide,na,1,Sample,na,Desirable,2001,21,,4,Desirable,13,0,0,,0,0
F126FT2,48,126FF,9-dpf,17-Dec-21,7-May-21,STRATEGO on April 28th - 9dpf,Propiconazole + Trifloxystrobin,D,12,6,572,CGAGGTTCTG,T2,126F,Fungicide,na,1,Sample,na,Elliot,2000,22,,4,Elliot,9,0,0,,0,0
F129DT2,52,129DF,9-dpf,17-Dec-21,7-May-21,STRATEGO on April 28th - 9dpf,Propiconazole + Trifloxystrobin,E,4,6,509,TAATCGGTGC,T2,129D,Fungicide,na,1,Sample,na,Desirable,2008,14,,3,Desirable,9,6,3,,33.33333333,0.666666667
F130BT2,60,130BF,9-dpf,17-Dec-21,7-May-21,STRATEGO on April 28th - 9dpf,Propiconazole + Trifloxystrobin,E,12,6,573,TGCTACAGAC,T2,130B,Fungicide,na,1,Sample,na,Desirable,1999,23,,2,Desirable,9,2,1,,11.11111111,0.222222222
F132BT2,51,132BF,9-dpf,17-Dec-21,7-May-21,STRATEGO on April 28th - 9dpf,Propiconazole + Trifloxystrobin,E,3,6,501,TCCACAGGGT,T2,132B,Fungicide,na,1,Sample,na,Elliot,2000,22,,2,Elliot,9,0,0,,0,0
NECT2,62,NEC,9-dpf,17-Dec-21,7-May-21,STRATEGO on April 28th - 9dpf,Propiconazole + Trifloxystrobin,F,2,6,494,GTACGATATG,T2,NECT2,na,na,na,Negative Control,na,na,na,na,Negative Extraction Control,,,,,,,,
B1AST3,111,AFTER BAG1,16-dpf,28-Jan-22,14-May-21,STRATEGO on April 28th - 16dpf,Propiconazole + Trifloxystrobin,B,4,7,602,CCGGTGTGAT,T3,B1AST3,na,Bagged,2,Sample,After Spray,na,na,na,14-May,,,,,,,,
B1BST3,115,BEFOREBAG1,16-dpf,28-Jan-22,14-May-21,STRATEGO on April 28th - 16dpf,Propiconazole + Trifloxystrobin,B,8,7,634,TGTGTGTAAC,T3,B1BST3,na,Bagged,2,Sample,Before Spray,na,na,na,,,,,,,,,
B2AST3,109,AFTER BAG,16-dpf,28-Jan-22,14-May-21,STRATEGO on April 28th - 16dpf,Propiconazole + Trifloxystrobin,B,2,7,586,CCACCCAGTA,T3,B2AST3,na,Bagged,2,Sample,After Spray,na,na,na,,,,,,,,,
B2BST3,107,BEFOREBAG2,16-dpf,28-Jan-22,14-May-21,STRATEGO on April 28th - 16dpf,Propiconazole + Trifloxystrobin,A,12,7,665,GTGAGGGCAA,T3,B2BST3,na,Bagged,2,Sample,Before Spray,na,na,na,,,,,,,,,
B3AST3,110,AFTER BAG,16-dpf,28-Jan-22,14-May-21,STRATEGO on April 28th - 16dpf,Propiconazole + Trifloxystrobin,B,3,7,594,TACGCAGCAC,T3,B3AST3,na,Bagged,2,Sample,After Spray,na,na,na,14-May,,,,,,,,
B3BST3,123,BEFOREBAG3,16-dpf,28-Jan-22,14-May-21,STRATEGO on April 28th - 16dpf,Propiconazole + Trifloxystrobin,C,4,7,603,CAAGGCACAA,T3,B3BST3,na,Bagged,2,Sample,Before Spray,na,na,na,,,,,,,,,
C112CT3,117,112CC,16-dpf,28-Jan-22,14-May-21,STRATEGO on April 28th - 16dpf,Propiconazole + Trifloxystrobin,B,10,7,650,CCGGCTTATG,T3,112C,Control,na,1,Sample,na,Desirable,1990,32,14-May,1,Desirable,9,2,2,,22.22222222,0.222222222
C119CT3,91,119CC,16-dpf,28-Jan-22,14-May-21,STRATEGO on April 28th - 16dpf,Propiconazole + Trifloxystrobin,H,7,6,536,CATTGGGAGT,T3,119C,Control,na,1,Sample,na,Elliot,1999,23,,1,Elliot,11,0,0,,0,0
C120FT3,88,120FC,16-dpf,28-Jan-22,14-May-21,STRATEGO on April 28th - 16dpf,Propiconazole + Trifloxystrobin,H,4,6,512,CTACAGGGTC,T3,120F,Control,na,1,Sample,na,Desirable,2000,22,,5,Desirable,10,1,1,,10,0.1
C120GT3,113,120GC,16-dpf,28-Jan-22,14-May-21,STRATEGO on April 28th - 16dpf,Propiconazole + Trifloxystrobin,B,6,7,618,CTCCCACTAG,T3,120G,Control,na,1,Sample,na,Elliot,1999,23,,5,Elliot,11,0,0,,0,0
C122DT3,93,122DC,16-dpf,28-Jan-22,14-May-21,STRATEGO on April 28th - 16dpf,Propiconazole + Trifloxystrobin,H,9,6,552,GCTTCCAGAC,T3,122D,Control,na,1,Sample,na,Elliot,1999,23,,3,Elliot,7,0,0,,0,0
C123HT3,108,123HC,16-dpf,28-Jan-22,14-May-21,STRATEGO on April 28th - 16dpf,Propiconazole + Trifloxystrobin,B,1,7,578,TAATTGCAGA,T3,123H,Control,na,1,Sample,na,Desirable,2000,22,13-May,6,Desirable,9,0,0,,0,0
C125HT3,95,125HC,16-dpf,28-Jan-22,14-May-21,STRATEGO on April 28th - 16dpf,Propiconazole + Trifloxystrobin,H,11,6,568,ACGGAAATCC,T3,125H,Control,na,1,Sample,na,Elliot,1990,32,,6,Elliot,8,0,0,,0,0
C126ET3,116,126EC,16-dpf,28-Jan-22,14-May-21,STRATEGO on April 28th - 16dpf,Propiconazole + Trifloxystrobin,B,9,7,642,ACGATTCGAG,T3,126E,Control,na,1,Sample,na,Desirable,2001,21,,4,Desirable,13,15,7,,53.84615385,1.153846154
C126FT3,106,126FC,16-dpf,28-Jan-22,14-May-21,STRATEGO on April 28th - 16dpf,Propiconazole + Trifloxystrobin,A,11,7,657,GTGTGGCAGA,T3,126F,Control,na,1,Sample,na,Elliot,2000,22,13-May,4,Elliot,9,1,1,,11.11111111,0.111111111
C129DT3,101,129DC,16-dpf,28-Jan-22,14-May-21,STRATEGO on April 28th - 16dpf,Propiconazole + Trifloxystrobin,A,6,7,617,TACTCTCTTA,T3,129D,Control,na,1,Sample,na,Desirable,2008,14,,3,Desirable,9,5,4,,44.44444444,0.555555556
C130BT3,105,130BC,16-dpf,28-Jan-22,14-May-21,STRATEGO on April 28th - 16dpf,Propiconazole + Trifloxystrobin,A,10,7,649,ATGGAAGGTG,T3,130B,Control,na,1,Sample,na,Desirable,1999,23,,2,Desirable,11,4,3,,27.27272727,0.363636364
C132BT3,119,132BC,16-dpf,28-Jan-22,14-May-21,STRATEGO on April 28th - 16dpf,Propiconazole + Trifloxystrobin,B,12,7,666,CGTGGGCTCA,T3,132B,Control,na,1,Sample,na,Elliot,2000,22,,2,Elliot,9,1,1,,11.11111111,0.111111111
F112CT3,114,112CF,16-dpf,28-Jan-22,14-May-21,STRATEGO on April 28th - 16dpf,Propiconazole + Trifloxystrobin,B,7,7,626,GTCACATCAC,T3,112C,Fungicide,na,1,Sample,na,Desirable,1990,32,13-May,1,Desirable,11,2,1,,9.090909091,0.181818182
F119CT3,122,119CF,16-dpf,28-Jan-22,14-May-21,STRATEGO on April 28th - 16dpf,Propiconazole + Trifloxystrobin,C,3,7,595,CGCTTAGTGC,T3,119C,Fungicide,na,1,Sample,na,Elliot,1999,23,13-May,1,Elliot,11,1,1,,9.090909091,0.090909091
F120FT3,102,120FF,16-dpf,28-Jan-22,14-May-21,STRATEGO on April 28th - 16dpf,Propiconazole + Trifloxystrobin,A,7,7,625,GGCCAAGGAA,T3,120F,Fungicide,na,1,Sample,na,Desirable,2000,22,,5,Desirable,11,0,0,,0,0
F120GT3,89,120GF,16-dpf,28-Jan-22,14-May-21,STRATEGO on April 28th - 16dpf,Propiconazole + Trifloxystrobin,H,5,6,520,GACAGTAGCT,T3,120G,Fungicide,na,1,Sample,na,Elliot,1999,23,,5,Elliot,7,0,0,,0,0
F122DT3,98,122DF,16-dpf,28-Jan-22,14-May-21,STRATEGO on April 28th - 16dpf,Propiconazole + Trifloxystrobin,A,3,7,593,TAATACGGAT,T3,122D,Fungicide,na,1,Sample,na,Elliot,1999,23,13-May,3,Elliot,9,1,1,,11.11111111,0.111111111
F123HT3,96,123HF,16-dpf,28-Jan-22,14-May-21,STRATEGO on April 28th - 16dpf,Propiconazole + Trifloxystrobin,A,1,7,577,GATGGTTTCA,T3,123H,Fungicide,na,1,Sample,na,Desirable,2000,22,,6,Desirable,11,1,1,,9.090909091,0.090909091
F125HT3,94,125HF,16-dpf,28-Jan-22,14-May-21,STRATEGO on April 28th - 16dpf,Propiconazole + Trifloxystrobin,H,10,6,560,TAACGTGTGT,T3,125H,Fungicide,na,1,Sample,na,Elliot,1990,32,,6,Elliot,9,0,0,,0,0
F126ET3,103,126EF,16-dpf,28-Jan-22,14-May-21,STRATEGO on April 28th - 16dpf,Propiconazole + Trifloxystrobin,A,8,7,633,CCAGTGGATA,T3,126E,Fungicide,na,1,Sample,na,Desirable,2001,21,13-May,4,Desirable,11,1,1,,9.090909091,0.090909091
F126FT3,120,126FF,16-dpf,28-Jan-22,14-May-21,STRATEGO on April 28th - 16dpf,Propiconazole + Trifloxystrobin,C,1,7,579,AAGGCGCTCC,T3,126F,Fungicide,na,1,Sample,na,Elliot,2000,22,,4,Elliot,8,1,1,,12.5,0.125
F129DT3,97,129DF,16-dpf,28-Jan-22,14-May-21,STRATEGO on April 28th - 16dpf,Propiconazole + Trifloxystrobin,A,2,7,585,CTCCACATTC,T3,129D,Fungicide,na,1,Sample,na,Desirable,2008,14,,3,Desirable,11,2,1,,9.090909091,0.181818182
F130BT3,121,130BF,16-dpf,28-Jan-22,14-May-21,STRATEGO on April 28th - 16dpf,Propiconazole + Trifloxystrobin,C,2,7,587,AATCGCCCTT,T3,130B,Fungicide,na,1,Sample,na,Desirable,1999,23,,2,Desirable,11,4,4,,36.36363636,0.363636364
F132BT3,100,132BF,16-dpf,28-Jan-22,14-May-21,STRATEGO on April 28th - 16dpf,Propiconazole + Trifloxystrobin,A,5,7,609,GGCCTATAAG,T3,132B,Fungicide,na,1,Sample,na,Elliot,2000,22,,2,Elliot,9,1,1,,11.11111111,0.111111111
NB1AST3,90,NOT BAG,16-dpf,28-Jan-22,14-May-21,STRATEGO on April 28th - 16dpf,Propiconazole + Trifloxystrobin,H,6,6,528,GCTGTTTGAC,T3,NB1AST3,na,Not Bagged,2,Sample,After Spray,na,na,na,14-May,,,,,,,,
NB1BST3,99,NOTBAG1,16-dpf,28-Jan-22,14-May-21,STRATEGO on April 28th - 16dpf,Propiconazole + Trifloxystrobin,A,4,7,601,CCACAACGAT,T3,NB1BST3,na,Not Bagged,2,Sample,Before Spray,na,na,na,,,,,,,,,
NB2AST3,118,NOTBAG,16-dpf,28-Jan-22,14-May-21,STRATEGO on April 28th - 16dpf,Propiconazole + Trifloxystrobin,B,11,7,658,TACTACGTGG,T3,NB2AST3,na,Not Bagged,2,Sample,After Spray,na,na,na,,,,,,,,,
NB2BST3,104,NOTBAG2,16-dpf,28-Jan-22,14-May-21,STRATEGO on April 28th - 16dpf,Propiconazole + Trifloxystrobin,A,9,7,641,TCCTTGTCCT,T3,NB2BST3,na,Not Bagged,2,Sample,Before Spray,na,na,na,,,,,,,,,
NB3AST3,112,NOT BAG,16-dpf,28-Jan-22,14-May-21,STRATEGO on April 28th - 16dpf,Propiconazole + Trifloxystrobin,B,5,7,610,CAGATCCCAA,T3,NB3AST3,na,Not Bagged,2,Sample,After Spray,na,na,na,,,,,,,,,
NB3BST3,92,NOT BAG3,16-dpf,28-Jan-22,14-May-21,STRATEGO on April 28th - 16dpf,Propiconazole + Trifloxystrobin,H,8,6,544,CGATCACCAC,T3,NB3BST3,na,Not Bagged,2,Sample,Before Spray,na,na,na,13-May,,,,,,,,
NECT3,124,NEC,16-dpf,28-Jan-22,14-May-21,STRATEGO on April 28th - 16dpf,Propiconazole + Trifloxystrobin,C,5,7,611,AGAGATTATG,T3,NECT3,na,na,na,Negative Control,na,na,na,na,,,,,,,,,
C112CT4,143,112CC,7-dpf,28-Jan-22,21-May-21,STRATEGO on May 14th - 7dpf,Propiconazole + Trifloxystrobin,D,12,7,668,CTGATCCATC,T4,112C,Control,na,1,Sample,na,Desirable,1990,32,,1,Desirable,11,6,3,,27.27272727,0.545454545
C119CT4,128,119CC,7-dpf,28-Jan-22,21-May-21,STRATEGO on May 14th - 7dpf,Propiconazole + Trifloxystrobin,C,9,7,643,TGACGTAGAA,T4,119C,Control,na,1,Sample,na,Elliot,1999,23,,1,Elliot,11,0,0,,0,0
C120FT4,137,120FC,7-dpf,28-Jan-22,21-May-21,STRATEGO on May 14th - 7dpf,Propiconazole + Trifloxystrobin,D,6,7,620,CGAAGCATCT,T4,120F,Control,na,1,Sample,na,Desirable,2000,22,,5,Desirable,11,11,7,,63.63636364,1
C120GT4,146,120GC,7-dpf,28-Jan-22,21-May-21,STRATEGO on May 14th - 7dpf,Propiconazole + Trifloxystrobin,E,3,7,597,TGCCGCCGTA,T4,120G,Control,na,1,Sample,na,Elliot,1999,23,,5,Elliot,9,1,1,,14.28571429,0.142857143
C122DT4,134,122DC,7-dpf,28-Jan-22,21-May-21,STRATEGO on May 14th - 7dpf,Propiconazole + Trifloxystrobin,D,3,7,596,CAAAGTTTGC,T4,122D,Control,na,1,Sample,na,Elliot,1999,23,,3,Elliot,9,0,0,,0,0
C123HT4,129,123HC,7-dpf,28-Jan-22,21-May-21,STRATEGO on May 14th - 7dpf,Propiconazole + Trifloxystrobin,C,10,7,651,CTGTGCAACG,T4,123H,Control,na,1,Sample,na,Desirable,2000,22,,6,Desirable,9,1,1,,0,0
C125HT4,136,125HC,7-dpf,28-Jan-22,21-May-21,STRATEGO on May 14th - 7dpf,Propiconazole + Trifloxystrobin,D,5,7,612,TCCATTTCAT,T4,125H,Control,na,1,Sample,na,Elliot,1990,32,,6,Elliot,9,0,0,,0,0
C126ET4,145,126EC,7-dpf,28-Jan-22,21-May-21,STRATEGO on May 14th - 7dpf,Propiconazole + Trifloxystrobin,E,2,7,589,CCGCTACGTG,T4,126E,Control,na,1,Sample,na,Desirable,2001,21,,4,Desirable,13,12,7,,0,0
C126FT4,144,126FC,7-dpf,28-Jan-22,21-May-21,STRATEGO on May 14th - 7dpf,Propiconazole + Trifloxystrobin,E,1,7,581,TGTCTGACGC,T4,126F,Control,na,1,Sample,na,Elliot,2000,22,,4,Elliot,9,0,0,,36.36363636,0.818181818
C129DT4,135,129DC,7-dpf,28-Jan-22,21-May-21,STRATEGO on May 14th - 7dpf,Propiconazole + Trifloxystrobin,D,4,7,604,AACCTCGGAT,T4,129D,Control,na,1,Sample,na,Desirable,2008,14,,3,Desirable,13,12,7,,11.11111111,0.111111111
C130BT4,139,130BC,7-dpf,28-Jan-22,21-May-21,STRATEGO on May 14th - 7dpf,Propiconazole + Trifloxystrobin,D,8,7,636,ATGTAATAGG,T4,130B,Control,na,1,Sample,na,Desirable,1999,23,,2,Desirable,9,10,5,,36.36363636,0.818181818
C132BT4,142,132BC,7-dpf,28-Jan-22,21-May-21,STRATEGO on May 14th - 7dpf,Propiconazole + Trifloxystrobin,D,11,7,660,TTCACTGTGC,T4,132B,Control,na,1,Sample,na,Elliot,2000,22,,2,Elliot,9,2,1,,55.55555556,1.111111111
F112CT4,126,112CF,7-dpf,28-Jan-22,21-May-21,STRATEGO on May 14th - 7dpf,Propiconazole + Trifloxystrobin,C,7,7,627,CGACATTTCT,T4,112C,Fungicide,na,1,Sample,na,Desirable,1990,32,,1,Desirable,10,4,2,,20,0.4
F119CT4,140,119CF,7-dpf,28-Jan-22,21-May-21,STRATEGO on May 14th - 7dpf,Propiconazole + Trifloxystrobin,D,9,7,644,CTACAATTGA,T4,119C,Fungicide,na,1,Sample,na,Elliot,1999,23,,1,Elliot,6,0,0,,0,0
F120GT4,133,120GF,7-dpf,28-Jan-22,21-May-21,STRATEGO on May 14th - 7dpf,Propiconazole + Trifloxystrobin,D,2,7,588,CGGCGATGAA,T4,120G,Fungicide,na,1,Sample,na,Elliot,1999,23,,5,Elliot,9,0,0,,11.11111111,0.111111111
F122DT4,130,122DF,7-dpf,28-Jan-22,21-May-21,STRATEGO on May 14th - 7dpf,Propiconazole + Trifloxystrobin,C,11,7,659,CACGCAGTCT,T4,122D,Fungicide,na,1,Sample,na,Elliot,1999,23,,3,Elliot,9,0,0,,0,0
F123HT4,127,123HF,7-dpf,28-Jan-22,21-May-21,STRATEGO on May 14th - 7dpf,Propiconazole + Trifloxystrobin,C,8,7,635,CCAATCGTGC,T4,123H,Fungicide,na,1,Sample,na,Desirable,2000,22,,6,Desirable,11,0,0,,11.11111111,0.111111111
F125HT4,132,125HF,7-dpf,28-Jan-22,21-May-21,STRATEGO on May 14th - 7dpf,Propiconazole + Trifloxystrobin,D,1,7,580,AGTCGGCATC,T4,125H,Fungicide,na,1,Sample,na,Elliot,1990,32,,6,Elliot,9,0,0,,0,0
F126ET4,138,126EF,7-dpf,28-Jan-22,21-May-21,STRATEGO on May 14th - 7dpf,Propiconazole + Trifloxystrobin,D,7,7,628,GGACGTTAAC,T4,126E,Fungicide,na,1,Sample,na,Desirable,2001,21,,4,Desirable,11,9,4,,53.84615385,0.923076923
F126FT4,131,126FF,7-dpf,28-Jan-22,21-May-21,STRATEGO on May 14th - 7dpf,Propiconazole + Trifloxystrobin,C,12,7,667,CCTCATGCTA,T4,126F,Fungicide,na,1,Sample,na,Elliot,2000,22,,4,Elliot,9,1,1,,0,0
F129DT4,125,129DF,7-dpf,28-Jan-22,21-May-21,STRATEGO on May 14th - 7dpf,Propiconazole + Trifloxystrobin,C,6,7,619,AGCCCTGCTA,T4,129D,Fungicide,na,1,Sample,na,Desirable,2008,14,,3,Desirable,11,9,4,,53.84615385,0.923076923
F132BT4,141,132BF,7-dpf,28-Jan-22,21-May-21,STRATEGO on May 14th - 7dpf,Propiconazole + Trifloxystrobin,D,10,7,652,AGGGTACAGG,T4,132B,Fungicide,na,1,Sample,na,Elliot,2000,22,,2,Elliot,7,2,2,,18.18181818,0.272727273
NECT4,147,NEC,7-dpf,28-Jan-22,21-May-21,STRATEGO on May 14th - 7dpf,Propiconazole + Trifloxystrobin,E,4,7,605,GTGCTTGTGT,T4,NECT4,na,na,na,Negative Control,na,na,na,na,,,,,,,,,
B1AST5,165,After Bag 1,14-dpf,4-Feb-22,4-Jun-21,STRATEGO on May 14th - 14dpf,Propiconazole + Trifloxystrobin,F,10,7,654,TTACGTGGCG,T5,B1AST5,na,Bagged,2,Sample,After Spray,na,na,na,,,,,,,,,
B1BST5,150,BSB1,14-dpf,4-Feb-22,4-Jun-21,STRATEGO on May 14th - 14dpf,Propiconazole + Trifloxystrobin,E,7,7,629,CACGCTATTG,T5,B1BST5,na,Bagged,2,Sample,Before Spray,na,na,na,,,,,,,,,
B2AST5,175,After Bag 2,14-dpf,4-Feb-22,4-Jun-21,STRATEGO on May 14th - 14dpf,Propiconazole + Trifloxystrobin,G,8,7,639,CGTAAGATGC,T5,B2AST5,na,Bagged,2,Sample,After Spray,na,na,na,,,,,,,,,
B2BST5,155,BSB2,14-dpf,4-Feb-22,4-Jun-21,STRATEGO on May 14th - 14dpf,Propiconazole + Trifloxystrobin,E,12,7,669,TATGCTCTCT,T5,B2BST5,na,Bagged,2,Sample,Before Spray,na,na,na,"Not Bag After Spray 1, 5-Jun",,,,,,,,
B3AST5,174,After Bag 3,14-dpf,4-Feb-22,4-Jun-21,STRATEGO on May 14th - 14dpf,Propiconazole + Trifloxystrobin,G,7,7,631,GAGTCGATCT,T5,B3AST5,na,Bagged,2,Sample,After Spray,na,na,na,5-Jun,,,,,,,,
B3BST5,151,BSB3,14-dpf,4-Feb-22,4-Jun-21,STRATEGO on May 14th - 14dpf,Propiconazole + Trifloxystrobin,E,8,7,637,GACTCGCAAC,T5,B3BST5,na,Bagged,2,Sample,Before Spray,na,na,na,,,,,,,,,
C112CT5,179,112CC,14-dpf,4-Feb-22,4-Jun-21,STRATEGO on May 14th - 14dpf,Propiconazole + Trifloxystrobin,G,12,7,671,CGTGTAGTAG,T5,112C,Control,na,1,Sample,na,Desirable,1990,32,,1,Desirable,8,3,3,,11.11111111,0.222222222
C119CT5,176,119CC,14-dpf,4-Feb-22,4-Jun-21,STRATEGO on May 14th - 14dpf,Propiconazole + Trifloxystrobin,G,9,7,647,CAATGAGGGA,T5,119C,Control,na,1,Sample,na,Elliot,1999,23,,1,Elliot,9,0,0,,37.5,0.375
C120FT5,172,120FC,14-dpf,4-Feb-22,4-Jun-21,STRATEGO on May 14th - 14dpf,Propiconazole + Trifloxystrobin,G,5,7,615,GTTTCACGCG,T5,120F,Control,na,1,Sample,na,Desirable,2000,22,,5,Desirable,11,5,3,,9.090909091,0.090909091
C120GT5,170,120GC,14-dpf,4-Feb-22,4-Jun-21,STRATEGO on May 14th - 14dpf,Propiconazole + Trifloxystrobin,G,3,7,599,GCAATCCTTG,T5,120G,Control,na,1,Sample,na,Elliot,1999,23,,5,Elliot,11,1,1,,27.27272727,0.454545455
C122DT5,148,122DC,14-dpf,4-Feb-22,4-Jun-21,STRATEGO on May 14th - 14dpf,Propiconazole + Trifloxystrobin,E,5,7,613,TCGGCGATCA,T5,122D,Control,na,1,Sample,na,Elliot,1999,23,,3,Elliot,7,0,0,,9.090909091,0.090909091
C123HT5,166,123HC,14-dpf,4-Feb-22,4-Jun-21,STRATEGO on May 14th - 14dpf,Propiconazole + Trifloxystrobin,F,11,7,662,CAATGCCTCA,T5,123H,Control,na,1,Sample,na,Desirable,2000,22,,6,Desirable,9,0,0,,0,0
C125HT5,182,125HC,14-dpf,4-Feb-22,4-Jun-21,STRATEGO on May 14th - 14dpf,Propiconazole + Trifloxystrobin,H,3,7,600,CGCTGTGGAT,T5,125H,Control,na,1,Sample,na,Elliot,1990,32,,6,Elliot,11,6,6,,0,0
C126ET5,162,126EC,14-dpf,4-Feb-22,4-Jun-21,STRATEGO on May 14th - 14dpf,Propiconazole + Trifloxystrobin,F,7,7,630,AACTTCACTT,T5,126E,Control,na,1,Sample,na,Desirable,2001,21,,4,Desirable,10,6,6,,54.54545455,0.545454545
C126FT5,164,126FC,14-dpf,4-Feb-22,4-Jun-21,STRATEGO on May 14th - 14dpf,Propiconazole + Trifloxystrobin,F,9,7,646,GTTGACCATC,T5,126F,Control,na,1,Sample,na,Elliot,2000,22,5-Jun,4,Elliot,9,0,0,,60,0.6
C129DT5,157,129DC,14-dpf,4-Feb-22,4-Jun-21,STRATEGO on May 14th - 14dpf,Propiconazole + Trifloxystrobin,F,2,7,590,CTGGTAAGTC,T5,129D,Control,na,1,Sample,na,Desirable,2008,14,5-Jun,3,Desirable,8,13,8,,0,0
C130BT5,167,130BC,14-dpf,4-Feb-22,4-Jun-21,STRATEGO on May 14th - 14dpf,Propiconazole + Trifloxystrobin,F,12,7,670,ATGTTTAGAC,T5,130B,Control,na,1,Sample,na,Desirable,1999,23,,2,Desirable,10,7,5,,100,1.625
C132BT5,153,132BC,14-dpf,4-Feb-22,4-Jun-21,STRATEGO on May 14th - 14dpf,Propiconazole + Trifloxystrobin,E,10,7,653,GGAACACATG,T5,132B,Control,na,1,Sample,na,Elliot,2000,22,,2,Elliot,9,0,0,,50,0.7
F112CT5,161,112CF,14-dpf,4-Feb-22,4-Jun-21,STRATEGO on May 14th - 14dpf,Propiconazole + Trifloxystrobin,F,6,7,622,TCAGGTTGCC,T5,112C,Fungicide,na,1,Sample,na,Desirable,1990,32,,1,Desirable,9,1,1,,28.57142857,0.285714286
F119CT5,160,119CF,14-dpf,4-Feb-22,4-Jun-21,STRATEGO on May 14th - 14dpf,Propiconazole + Trifloxystrobin,F,5,7,614,CTGGTGCTGA,T5,119C,Fungicide,na,1,Sample,na,Elliot,1999,23,,1,Elliot,11,1,1,,11.11111111,0.111111111
F120FT5,169,120FF,14-dpf,4-Feb-22,4-Jun-21,STRATEGO on May 14th - 14dpf,Propiconazole + Trifloxystrobin,G,2,7,591,AGAGCTCCTC,T5,120F,Fungicide,na,1,Sample,na,Desirable,2000,22,,5,Desirable,11,2,1,,0,0
F120GT5,171,120GF,14-dpf,4-Feb-22,4-Jun-21,STRATEGO on May 14th - 14dpf,Propiconazole + Trifloxystrobin,G,4,7,607,TAATCTCGCC,T5,120G,Fungicide,na,1,Sample,na,Elliot,1999,23,,5,Elliot,9,0,0,,9.090909091,0.181818182
F122DT5,149,122DF,14-dpf,4-Feb-22,4-Jun-21,STRATEGO on May 14th - 14dpf,Propiconazole + Trifloxystrobin,E,6,7,621,GTTTGGCCAC,T5,122D,Fungicide,na,1,Sample,na,Elliot,1999,23,Before Spray Bag 1,3,Elliot,9,0,0,,0,0
F123HT5,168,123HF,14-dpf,4-Feb-22,4-Jun-21,STRATEGO on May 14th - 14dpf,Propiconazole + Trifloxystrobin,G,1,7,583,ACCTCAGTCA,T5,123H,Fungicide,na,1,Sample,na,Desirable,2000,22,,6,Desirable,9,0,0,,0,0
F125HT5,159,125HF,14-dpf,4-Feb-22,4-Jun-21,STRATEGO on May 14th - 14dpf,Propiconazole + Trifloxystrobin,F,4,7,606,ATAGTGTTCG,T5,125H,Fungicide,na,1,Sample,na,Elliot,1990,32,N9CF,6,Elliot,11,1,1,,0,0
F126ET5,177,126EF,14-dpf,4-Feb-22,4-Jun-21,STRATEGO on May 14th - 14dpf,Propiconazole + Trifloxystrobin,G,10,7,655,TTGGCGGGTT,T5,126E,Fungicide,na,1,Sample,na,Desirable,2001,21,,4,Desirable,11,11,3,,9.090909091,0.090909091
F126FT5,178,126FF,14-dpf,4-Feb-22,4-Jun-21,STRATEGO on May 14th - 14dpf,Propiconazole + Trifloxystrobin,G,11,7,663,AACGAATACC,T5,126F,Fungicide,na,1,Sample,na,Elliot,2000,22,,4,Elliot,9,0,0,,27.27272727,1
F129DT5,152,129DF,14-dpf,4-Feb-22,4-Jun-21,STRATEGO on May 14th - 14dpf,Propiconazole + Trifloxystrobin,E,9,7,645,GTGGTATGGG,T5,129D,Fungicide,na,1,Sample,na,Desirable,2008,14,,3,Desirable,13,5,2,,0,0
F130BT5,173,130BF,14-dpf,4-Feb-22,4-Jun-21,STRATEGO on May 14th - 14dpf,Propiconazole + Trifloxystrobin,G,6,7,623,CTGTCAGTGA,T5,130B,Fungicide,na,1,Sample,na,Desirable,1999,23,5-Jun,2,Desirable,11,2,2,,15.38461538,0.384615385
F132BT5,163,132BF,14-dpf,4-Feb-22,4-Jun-21,STRATEGO on May 14th - 14dpf,Propiconazole + Trifloxystrobin,F,8,7,638,GTGCGAGGAC,T5,132B,Fungicide,na,1,Sample,na,Elliot,2000,22,,2,Elliot,7,0,0,,18.18181818,0.181818182
NB1AST5,156,NOT BAG 1,14-dpf,4-Feb-22,4-Jun-21,STRATEGO on May 14th - 14dpf,Propiconazole + Trifloxystrobin,F,1,7,582,TAGCGCGAAC,T5,NB1AST5,na,Not Bagged,2,Sample,After Spray,na,na,na,,,,,,,,,
NB1BST5,154,BSNB1,14-dpf,4-Feb-22,4-Jun-21,STRATEGO on May 14th - 14dpf,Propiconazole + Trifloxystrobin,E,11,7,661,TTCCAGGCAG,T5,NB1BST5,na,Not Bagged,2,Sample,Before Spray,na,na,na,,,,,,,,,
NB2AST5,183,NOT BAG 2,14-dpf,4-Feb-22,4-Jun-21,STRATEGO on May 14th - 14dpf,Propiconazole + Trifloxystrobin,H,4,7,608,GGAACGACGT,T5,NB2AST5,na,Not Bagged,2,Sample,After Spray,na,na,na,"Not Bag After Spray 2, 5-Jun",,,,,,,,
NB2BST5,181,BSNB2,14-dpf,4-Feb-22,4-Jun-21,STRATEGO on May 14th - 14dpf,Propiconazole + Trifloxystrobin,H,2,7,592,GACAAACCTT,T5,NB2BST5,na,Not Bagged,2,Sample,Before Spray,na,na,na,,,,,,,,,
NB3AST5,158,NOT BAG 3,14-dpf,4-Feb-22,4-Jun-21,STRATEGO on May 14th - 14dpf,Propiconazole + Trifloxystrobin,F,3,7,598,CCAGGGACTT,T5,NB3AST5,na,Not Bagged,2,Sample,After Spray,na,na,na,,,,,,,,,
NB3BST5,180,BSNB3,14-dpf,4-Feb-22,4-Jun-21,STRATEGO on May 14th - 14dpf,Propiconazole + Trifloxystrobin,H,1,7,584,GCTATGGAAC,T5,NB3BST5,na,Not Bagged,2,Sample,Before Spray,na,na,na,Before Spray And Bag 3,,,,,,,,
NTCT5,184,NTC,14-dpf,4-Feb-22,4-Jun-21,STRATEGO on May 14th - 14dpf,Propiconazole + Trifloxystrobin,H,5,7,616,TGAATACCTG,T5,NTCT5,na,na,na,Negative Control,na,na,na,na,NEGATIVE,,,,,,,,
C112CT6,75,112CC,21-dpf,20-Jan-22,25-Jun-21,SuperTin 4L + Phostrol on June 4th - 21dpf,Triphenyltin Hydroxide + Phosphorus acid salts,G,3,6,503,CATCGCGTTG,T6,112C,Control,na,1,Sample,na,Desirable,1990,32,,1,Desirable,11,9,4,,0,0
C119CT6,79,119CC,21-dpf,20-Jan-22,25-Jun-21,SuperTin 4L + Phostrol on June 4th - 21dpf,Triphenyltin Hydroxide + Phosphorus acid salts,G,7,6,535,TTGGAACGGC,T6,119C,Control,na,1,Sample,na,Elliot,1999,23,,1,Elliot,11,1,1,,0,0
C120FT6,78,120FC,21-dpf,20-Jan-22,25-Jun-21,SuperTin 4L + Phostrol on June 4th - 21dpf,Triphenyltin Hydroxide + Phosphorus acid salts,G,6,6,527,CTAGGATCAC,T6,120F,Control,na,1,Sample,na,Desirable,2000,22,,5,Desirable,9,36,7,,36.36363636,0.818181818
C120GT6,77,120GC,21-dpf,20-Jan-22,25-Jun-21,SuperTin 4L + Phostrol on June 4th - 21dpf,Triphenyltin Hydroxide + Phosphorus acid salts,G,5,6,519,GCATGCATCC,T6,120G,Control,na,1,Sample,na,Elliot,1999,23,,5,Elliot,11,1,1,,77.77777778,4
C122DT6,72,122DC,21-dpf,20-Jan-22,25-Jun-21,SuperTin 4L + Phostrol on June 4th - 21dpf,Triphenyltin Hydroxide + Phosphorus acid salts,F,12,6,574,GTGCAACCAA,T6,122D,Control,na,1,Sample,na,Elliot,1999,23,,3,Elliot,7,1,1,,9.090909091,0.090909091
C123HT6,74,123HC,21-dpf,20-Jan-22,25-Jun-21,SuperTin 4L + Phostrol on June 4th - 21dpf,Triphenyltin Hydroxide + Phosphorus acid salts,G,2,6,495,AACATTGCAG,T6,123H,Control,na,1,Sample,na,Desirable,2000,22,,6,Desirable,9,0,0,,14.28571429,0.142857143
C125HT6,73,125HC,21-dpf,20-Jan-22,25-Jun-21,SuperTin 4L + Phostrol on June 4th - 21dpf,Triphenyltin Hydroxide + Phosphorus acid salts,G,1,6,487,ATGCTGCAAC,T6,125H,Control,na,1,Sample,na,Elliot,1990,32,,6,Elliot,11,0,0,EDGE,0,0
C126ET6,70,126EC,21-dpf,20-Jan-22,25-Jun-21,SuperTin 4L + Phostrol on June 4th - 21dpf,Triphenyltin Hydroxide + Phosphorus acid salts,F,10,6,558,CCTCGGGTAC,T6,126E,Control,na,1,Sample,na,Desirable,2001,21,,4,Desirable,11,5,4,EDGE,0,0
C126FT6,86,126FC,21-dpf,20-Jan-22,25-Jun-21,SuperTin 4L + Phostrol on June 4th - 21dpf,Triphenyltin Hydroxide + Phosphorus acid salts,H,2,6,496,CCGTGACAAC,T6,126F,Control,na,1,Sample,na,Elliot,2000,22,,4,Elliot,9,0,0,,36.36363636,0.454545455
C129DT6,85,129DC,21-dpf,20-Jan-22,25-Jun-21,SuperTin 4L + Phostrol on June 4th - 21dpf,Triphenyltin Hydroxide + Phosphorus acid salts,H,1,6,488,AAGGTCAATC,T6,129D,Control,na,1,Sample,na,Desirable,2008,14,,3,Desirable,10,11,10,,0,0
C130BT6,64,130BC,21-dpf,20-Jan-22,25-Jun-21,SuperTin 4L + Phostrol on June 4th - 21dpf,Triphenyltin Hydroxide + Phosphorus acid salts,F,4,6,510,GGCAAATACA,T6,130B,Control,na,1,Sample,na,Desirable,1999,23,,2,Desirable,11,4,4,,100,1.1
C132BT6,66,132BC,21-dpf,20-Jan-22,25-Jun-21,SuperTin 4L + Phostrol on June 4th - 21dpf,Triphenyltin Hydroxide + Phosphorus acid salts,F,6,6,526,CACAGTTGAA,T6,132B,Control,na,1,Sample,na,Elliot,2000,22,,2,Elliot,9,0,0,,36.36363636,0.363636364
F112CT6,76,112CF,21-dpf,20-Jan-22,25-Jun-21,SuperTin 4L + Phostrol on June 4th - 21dpf,Triphenyltin Hydroxide + Phosphorus acid salts,G,4,6,511,CACAAGTATC,T6,112C,Fungicide,na,1,Sample,na,Desirable,1990,32,,1,Desirable,10,2,2,,0,0
F119CT6,80,119CF,21-dpf,20-Jan-22,25-Jun-21,SuperTin 4L + Phostrol on June 4th - 21dpf,Triphenyltin Hydroxide + Phosphorus acid salts,G,8,6,543,CTTCCCTAAC,T6,119C,Fungicide,na,1,Sample,na,Elliot,1999,23,,1,Elliot,11,0,0,,9.090909091,0.090909091
F120FT6,63,120FF,21-dpf,20-Jan-22,25-Jun-21,SuperTin 4L + Phostrol on June 4th - 21dpf,Triphenyltin Hydroxide + Phosphorus acid salts,F,3,6,502,TCATTAGCGT,T6,120F,Fungicide,na,1,Sample,na,Desirable,2000,22,,5,Desirable,11,3,2,,20,0.2
F120GT6,67,120GF,21-dpf,20-Jan-22,25-Jun-21,SuperTin 4L + Phostrol on June 4th - 21dpf,Triphenyltin Hydroxide + Phosphorus acid salts,F,7,6,534,CGGGTGTTTG,T6,120G,Fungicide,na,1,Sample,na,Elliot,1999,23,,5,Elliot,11,0,0,,18.18181818,0.272727273
F122DT6,84,122DF,21-dpf,20-Jan-22,25-Jun-21,SuperTin 4L + Phostrol on June 4th - 21dpf,Triphenyltin Hydroxide + Phosphorus acid salts,G,12,6,575,TGAGTGGTCT,T6,122D,Fungicide,na,1,Sample,na,Elliot,1999,23,,3,Elliot,9,0,0,,0,0
F123HT6,68,123HF,21-dpf,20-Jan-22,25-Jun-21,SuperTin 4L + Phostrol on June 4th - 21dpf,Triphenyltin Hydroxide + Phosphorus acid salts,F,8,6,542,GAGCCCAAAG,T6,123H,Fungicide,na,1,Sample,na,Desirable,2000,22,,6,Desirable,11,0,0,,0,0
F125HT6,69,125HF,21-dpf,20-Jan-22,25-Jun-21,SuperTin 4L + Phostrol on June 4th - 21dpf,Triphenyltin Hydroxide + Phosphorus acid salts,F,9,6,550,GAGCCATCTG,T6,125H,Fungicide,na,1,Sample,na,Elliot,1990,32,,6,Elliot,11,1,1,EDGE,0,0
F126ET6,71,126EF,21-dpf,20-Jan-22,25-Jun-21,SuperTin 4L + Phostrol on June 4th - 21dpf,Triphenyltin Hydroxide + Phosphorus acid salts,F,11,6,566,TTGGGTACAC,T6,126E,Fungicide,na,1,Sample,na,Desirable,2001,21,,4,Desirable,13,5,2,EDGE,9.090909091,0.090909091
F126FT6,83,126FF,21-dpf,20-Jan-22,25-Jun-21,SuperTin 4L + Phostrol on June 4th - 21dpf,Triphenyltin Hydroxide + Phosphorus acid salts,G,11,6,567,ACACTATGAA,T6,126F,Fungicide,na,1,Sample,na,Elliot,2000,22,,4,Elliot,9,0,0,,15.38461538,0.384615385
F129DT6,81,129DF,21-dpf,20-Jan-22,25-Jun-21,SuperTin 4L + Phostrol on June 4th - 21dpf,Triphenyltin Hydroxide + Phosphorus acid salts,G,9,6,551,CTGAGCTCTG,T6,129D,Fungicide,na,1,Sample,na,Desirable,2008,14,,3,Desirable,11,4,4,,0,0
F130BT6,82,130BF,21-dpf,20-Jan-22,25-Jun-21,SuperTin 4L + Phostrol on June 4th - 21dpf,Triphenyltin Hydroxide + Phosphorus acid salts,G,10,6,559,CGTGCACAAT,T6,130B,Fungicide,na,1,Sample,na,Desirable,1999,23,,2,Desirable,11,4,4,,36.36363636,0.363636364
F132BT6,65,132BF,21-dpf,20-Jan-22,25-Jun-21,SuperTin 4L + Phostrol on June 4th - 21dpf,Triphenyltin Hydroxide + Phosphorus acid salts,F,5,6,518,TGACTAATGG,T6,132B,Fungicide,na,1,Sample,na,Elliot,2000,22,,2,Elliot,9,0,0,,36.36363636,0.363636364
NECT6,87,NEC,21-dpf,20-Jan-22,25-Jun-21,SuperTin 4L + Phostrol on June 4th - 21dpf,Triphenyltin Hydroxide + Phosphorus acid salts,H,3,6,504,ATGTCGAATA,T6,NECT6,na,na,na,Negative Control,na,na,na,na,,,,,,,,,
P1H12NTC,P1H12NTC,P1H12NTC,P1H12NTC,P1H12NTC,P1H12NTC,na,,H,12,6,576,CGATTGTTCC,T3,P1H12NTC,na,na,na,Negative Control,na,na,na,na,,,,,,,,,
P2H10NTC,P2H10NTC,P2H10NTC,P2H10NTC,P2H10NTC,P2H10NTC,na,,H,10,7,656,TGCAACTTGC,P2H10NTC,P2H10NTC,na,na,na,Negative Control,na,na,na,na,P2H10NTC,,,,,,,,
P2H11NTC,P2H11NTC,P2H11NTC,P2H11NTC,P2H11NTC,P2H11NTC,na,,H,11,7,664,ATGGTTCACC,P2H11NTC,P2H11NTC,na,na,na,Negative Control,na,na,na,na,P2H11NTC,,,,,,,,
P2H12NTC,P2H12NTC,P2H12NTC,P2H12NTC,P2H12NTC,P2H12NTC,na,,H,12,7,672,GACGCTTTGC,P2H12NTC,P2H12NTC,na,na,na,Negative Control,na,na,na,na,P2H12NTC,,,,,,,,
P2H6NTC,P2H6NTC,P2H6NTC,P2H6NTC,P2H6NTC,P2H6NTC,na,,H,6,7,624,TCATTCCACT,P2H6NTC,P2H6NTC,na,na,na,Negative Control,na,na,na,na,P2H6NTC,,,,,,,,
PC1,PC1,PC1,PC1,PC1,PC1,na,,H,7,7,632,GACCTACCGC,PC1,PC1,na,na,na,Positive  Control,na,na,na,na,PC1,,,,,,,,
PC2,PC2,PC2,PC2,PC2,PC2,na,,H,8,7,640,GCAGAGAGGC,PC2,PC2,na,na,na,Positive  Control,na,na,na,na,PC2,,,,,,,,
PC3,PC3,PC3,PC3,PC3,PC3,na,,H,9,7,648,GTGACGTTAG,PC3,PC3,na,na,na,Positive  Control,na,na,na,na,PC3,,,,,,,,
